scenario,region,sector,period,tech,vintage,capacity
NZ,shungnak,electric,2030,EBATT_01,2025,250.0
NZ,shungnak,electric,2030,EBATT_01,2030,144.07789
NZ,shungnak,electric,2030,ELECT,2030,332.44827
NZ,shungnak,electric,2030,GDSL_01,2025,505.0
NZ,shungnak,electric,2030,GDSL_02,2025,363.0
NZ,shungnak,electric,2030,GDSL_03,2025,505.0
NZ,shungnak,electric,2030,GHYD_01,2030,144.0
NZ,shungnak,electric,2030,GSOL_01,2025,186.3
NZ,shungnak,electric,2030,GSOL_01,2030,250.0
NZ,shungnak,electric,2030,GWND_01,2030,200.0
NZ,shungnak,electric,2035,EBATT_01,2025,250.0
NZ,shungnak,electric,2035,EBATT_01,2030,144.07789
NZ,shungnak,electric,2035,EBATT_01,2035,250.0
NZ,shungnak,electric,2035,ELECT,2030,332.44827
NZ,shungnak,electric,2035,ELECT,2035,341.31356
NZ,shungnak,electric,2035,GDSL_01,2025,505.0
NZ,shungnak,electric,2035,GDSL_02,2025,363.0
NZ,shungnak,electric,2035,GDSL_03,2025,505.0
NZ,shungnak,electric,2035,GHYD_01,2030,144.0
NZ,shungnak,electric,2035,GSOL_01,2025,186.3
NZ,shungnak,electric,2035,GSOL_01,2030,250.0
NZ,shungnak,electric,2035,GSOL_01,2035,117.60315
NZ,shungnak,electric,2035,GWND_01,2030,200.0
NZ,shungnak,electric,2035,GWND_01,2035,200.0
NZ,shungnak,electric,2040,EBATT_01,2030,144.07789
NZ,shungnak,electric,2040,EBATT_01,2035,250.0
NZ,shungnak,electric,2040,EBATT_01,2040,211.39556
NZ,shungnak,electric,2040,ELECT,2030,332.44827
NZ,shungnak,electric,2040,ELECT,2035,341.31356
NZ,shungnak,electric,2040,ELECT,2040,343.52988
NZ,shungnak,electric,2040,GDSL_01,2025,505.0
NZ,shungnak,electric,2040,GDSL_02,2025,363.0
NZ,shungnak,electric,2040,GDSL_03,2025,505.0
NZ,shungnak,electric,2040,GHYD_01,2030,144.0
NZ,shungnak,electric,2040,GSOL_01,2025,186.3
NZ,shungnak,electric,2040,GSOL_01,2030,250.0
NZ,shungnak,electric,2040,GSOL_01,2035,117.60315
NZ,shungnak,electric,2040,GWND_01,2030,200.0
NZ,shungnak,electric,2040,GWND_01,2035,200.0
NZ,shungnak,electric,2040,GWND_01,2040,100.0
NZ,shungnak,electric,2045,EBATT_01,2035,250.0
NZ,shungnak,electric,2045,EBATT_01,2040,211.39556
NZ,shungnak,electric,2045,EBATT_01,2045,249.43792
NZ,shungnak,electric,2045,ELECT,2030,332.44827
NZ,shungnak,electric,2045,ELECT,2035,341.31356
NZ,shungnak,electric,2045,ELECT,2040,343.52988
NZ,shungnak,electric,2045,ELECT,2045,319.15034
NZ,shungnak,electric,2045,GDSL_02,2045,363.0
NZ,shungnak,electric,2045,GHYD_01,2030,144.0
NZ,shungnak,electric,2045,GSOL_01,2025,186.3
NZ,shungnak,electric,2045,GSOL_01,2030,250.0
NZ,shungnak,electric,2045,GSOL_01,2035,117.60315
NZ,shungnak,electric,2045,GSOL_01,2045,43.501816
NZ,shungnak,electric,2045,GWND_01,2030,200.0
NZ,shungnak,electric,2045,GWND_01,2035,200.0
NZ,shungnak,electric,2045,GWND_01,2040,100.0
