category,table,parameter,technology,scenario,period_or_vintage,model_value,unit,source,source_year,url_or_doi,access_date,transformation,provenance_status,notes
Existing assets,ExistingCapacity,capacity,GDSL_01,All,2025,505,kW,"Northwest Arctic Borough, Shungnak Community Profile",2022,https://www.nwabor.org/wp-content/uploads/L.-Community-Profile-Shungnak.pdf,2026-07-12,Entered directly as existing nameplate capacity,verified_public_source,Caterpillar 3456
Existing assets,ExistingCapacity,capacity,GDSL_02,All,2025,363,kW,"Northwest Arctic Borough, Shungnak Community Profile",2022,https://www.nwabor.org/wp-content/uploads/L.-Community-Profile-Shungnak.pdf,2026-07-12,Entered directly as existing nameplate capacity,verified_public_source,Caterpillar 3406B
Existing assets,ExistingCapacity,capacity,GDSL_03,All,2025,505,kW,"Northwest Arctic Borough, Shungnak Community Profile",2022,https://www.nwabor.org/wp-content/uploads/L.-Community-Profile-Shungnak.pdf,2026-07-12,Entered directly as existing nameplate capacity,verified_public_source,Caterpillar 3456
Existing assets,ExistingCapacity,capacity,GSOL_01,All,2025,186.3,kW,"Northwest Arctic Borough, Shungnak Community Profile",2022,https://www.nwabor.org/wp-content/uploads/L.-Community-Profile-Shungnak.pdf,2026-07-12,Entered as the Shungnak-owned AC capacity represented in the SQL,needs_author_review,"The SQL describes an ANRI/SolarEdge array, while the manuscript describes LG NeON 2 equipment. Confirm the hardware description and why 186.3 kW is used instead of the broader project rating."
Existing assets,ExistingCapacity,power capacity,EBATT_01,All,2025,250,kW,"Northwest Arctic Borough, Shungnak Community Profile",2022,https://www.nwabor.org/wp-content/uploads/L.-Community-Profile-Shungnak.pdf,2026-07-12,Entered directly as battery converter power rating,verified_public_source,Physical system is reported as 250 kW / 384 kWh.
Financial assumptions,MetaDataReal,global_discount_rate,,All,,0.10,fraction,Author-defined model assumption,,,,Applied directly in Temoa,author_assumption,Equivalent to a 10% global discount rate.
Financial assumptions,MetaDataReal,default_loan_rate,,All,,0.05,fraction,Author-defined model assumption,,,,Applied when no technology-specific loan rate is supplied,author_assumption,Equivalent to a 5% default loan rate.
Reliability assumptions,PlanningReserveMargin,reserve margin,,All,2030-2045,0.50,fraction,Author-defined planning assumption,,,,Applied to planning adequacy constraints,author_assumption,Equivalent to a 50% planning reserve margin; not a detailed reliability study.
Technology costs,CostInvest,investment cost,GDSL_01,All,2030-2045,4100,USD/kW,"Alaska Energy Authority, Alaska Energy: A First Step Toward Energy Independence",2009,https://www.akenergyauthority.org/Portals/0/Who%20We%20Are/News%20Room/Publications%20and%20Resources/2009.01.01%20Alaska%20Energy%20-%20A%20First%20Step%20Toward%20Energy%20Independence.pdf,2026-07-12,Rural diesel installed-cost benchmark adjusted to the model price year,needs_author_review,"The final SQL value is verified. The exact source page, original benchmark, inflation index, base year, and calculation should be documented."
Technology costs,CostInvest,investment cost,GDSL_02,All,2030-2045,4100,USD/kW,"Alaska Energy Authority, Alaska Energy: A First Step Toward Energy Independence",2009,https://www.akenergyauthority.org/Portals/0/Who%20We%20Are/News%20Room/Publications%20and%20Resources/2009.01.01%20Alaska%20Energy%20-%20A%20First%20Step%20Toward%20Energy%20Independence.pdf,2026-07-12,Rural diesel installed-cost benchmark adjusted to the model price year,needs_author_review,"The final SQL value is verified. The exact source page, original benchmark, inflation index, base year, and calculation should be documented."
Technology costs,CostInvest,investment cost,GDSL_03,All,2030-2045,4100,USD/kW,"Alaska Energy Authority, Alaska Energy: A First Step Toward Energy Independence",2009,https://www.akenergyauthority.org/Portals/0/Who%20We%20Are/News%20Room/Publications%20and%20Resources/2009.01.01%20Alaska%20Energy%20-%20A%20First%20Step%20Toward%20Energy%20Independence.pdf,2026-07-12,Rural diesel installed-cost benchmark adjusted to the model price year,needs_author_review,"The final SQL value is verified. The exact source page, original benchmark, inflation index, base year, and calculation should be documented."
Technology costs,CostInvest,investment cost,GSOL_01,BAU;BAU_UR;CP_MID;HDP;NZ,2030,2864.4,USD/kW,"NREL 2024 ATB, Utility PV Class 5",2024,https://doi.org/10.25984/2377191,2026-07-12,ATB reference value multiplied by an author-defined period-specific Arctic cost uplift,partially_documented,"ATB reference CAPEX with a period-specific remote Arctic uplift. The final SQL value is verified, but the exact underlying ATB value and multiplier should be retained in the analysis workbook or manuscript supplement."
Technology costs,CostInvest,investment cost,GSOL_01,BAU;BAU_UR;CP_MID;HDP;NZ,2035,2089.1,USD/kW,"NREL 2024 ATB, Utility PV Class 5",2024,https://doi.org/10.25984/2377191,2026-07-12,ATB reference value multiplied by an author-defined period-specific Arctic cost uplift,partially_documented,"ATB reference CAPEX with a period-specific remote Arctic uplift. The final SQL value is verified, but the exact underlying ATB value and multiplier should be retained in the analysis workbook or manuscript supplement."
Technology costs,CostInvest,investment cost,GSOL_01,BAU;BAU_UR;CP_MID;HDP;NZ,2040,1868.9,USD/kW,"NREL 2024 ATB, Utility PV Class 5",2024,https://doi.org/10.25984/2377191,2026-07-12,ATB reference value multiplied by an author-defined period-specific Arctic cost uplift,partially_documented,"ATB reference CAPEX with a period-specific remote Arctic uplift. The final SQL value is verified, but the exact underlying ATB value and multiplier should be retained in the analysis workbook or manuscript supplement."
Technology costs,CostInvest,investment cost,GSOL_01,BAU;BAU_UR;CP_MID;HDP;NZ,2045,1658.2,USD/kW,"NREL 2024 ATB, Utility PV Class 5",2024,https://doi.org/10.25984/2377191,2026-07-12,ATB reference value multiplied by an author-defined period-specific Arctic cost uplift,partially_documented,"ATB reference CAPEX with a period-specific remote Arctic uplift. The final SQL value is verified, but the exact underlying ATB value and multiplier should be retained in the analysis workbook or manuscript supplement."
Technology costs,CostInvest,investment cost,GWND_01,BAU;BAU_UR;CP_MID;HDP;NZ,2030,5912.8,USD/kW,"NREL 2024 ATB, Commercial Distributed Wind Class 1",2024,https://doi.org/10.25984/2377191,2026-07-12,ATB reference value multiplied by an author-defined period-specific Arctic cost uplift,partially_documented,"ATB reference CAPEX with a period-specific remote Arctic uplift. The final SQL value is verified, but the exact underlying ATB value and multiplier should be retained in the analysis workbook or manuscript supplement."
Technology costs,CostInvest,investment cost,GWND_01,BAU;BAU_UR;CP_MID;HDP;NZ,2035,4863.4,USD/kW,"NREL 2024 ATB, Commercial Distributed Wind Class 1",2024,https://doi.org/10.25984/2377191,2026-07-12,ATB reference value multiplied by an author-defined period-specific Arctic cost uplift,partially_documented,"ATB reference CAPEX with a period-specific remote Arctic uplift. The final SQL value is verified, but the exact underlying ATB value and multiplier should be retained in the analysis workbook or manuscript supplement."
Technology costs,CostInvest,investment cost,GWND_01,BAU;BAU_UR;CP_MID;HDP;NZ,2040,3872.3,USD/kW,"NREL 2024 ATB, Commercial Distributed Wind Class 1",2024,https://doi.org/10.25984/2377191,2026-07-12,ATB reference value multiplied by an author-defined period-specific Arctic cost uplift,partially_documented,"ATB reference CAPEX with a period-specific remote Arctic uplift. The final SQL value is verified, but the exact underlying ATB value and multiplier should be retained in the analysis workbook or manuscript supplement."
Technology costs,CostInvest,investment cost,GWND_01,BAU;BAU_UR;CP_MID;HDP;NZ,2045,3381.2,USD/kW,"NREL 2024 ATB, Commercial Distributed Wind Class 1",2024,https://doi.org/10.25984/2377191,2026-07-12,ATB reference value multiplied by an author-defined period-specific Arctic cost uplift,partially_documented,"ATB reference CAPEX with a period-specific remote Arctic uplift. The final SQL value is verified, but the exact underlying ATB value and multiplier should be retained in the analysis workbook or manuscript supplement."
Technology costs,CostInvest,investment cost,GHYD_01,BAU;BAU_UR;CP_MID;HDP;NZ,2030,12210.1,USD/kW,"NREL 2024 ATB, Hydropower NSD 2",2024,https://doi.org/10.25984/2377191,2026-07-12,ATB reference value multiplied by an author-defined period-specific Arctic cost uplift,partially_documented,"ATB reference CAPEX with a period-specific remote Arctic uplift. The final SQL value is verified, but the exact underlying ATB value and multiplier should be retained in the analysis workbook or manuscript supplement."
Technology costs,CostInvest,investment cost,GHYD_01,BAU;BAU_UR;CP_MID;HDP;NZ,2035,11938.8,USD/kW,"NREL 2024 ATB, Hydropower NSD 2",2024,https://doi.org/10.25984/2377191,2026-07-12,ATB reference value multiplied by an author-defined period-specific Arctic cost uplift,partially_documented,"ATB reference CAPEX with a period-specific remote Arctic uplift. The final SQL value is verified, but the exact underlying ATB value and multiplier should be retained in the analysis workbook or manuscript supplement."
Technology costs,CostInvest,investment cost,GHYD_01,BAU;BAU_UR;CP_MID;HDP;NZ,2040,11667.4,USD/kW,"NREL 2024 ATB, Hydropower NSD 2",2024,https://doi.org/10.25984/2377191,2026-07-12,ATB reference value multiplied by an author-defined period-specific Arctic cost uplift,partially_documented,"ATB reference CAPEX with a period-specific remote Arctic uplift. The final SQL value is verified, but the exact underlying ATB value and multiplier should be retained in the analysis workbook or manuscript supplement."
Technology costs,CostInvest,investment cost,GHYD_01,BAU;BAU_UR;CP_MID;HDP;NZ,2045,11396.1,USD/kW,"NREL 2024 ATB, Hydropower NSD 2",2024,https://doi.org/10.25984/2377191,2026-07-12,ATB reference value multiplied by an author-defined period-specific Arctic cost uplift,partially_documented,"ATB reference CAPEX with a period-specific remote Arctic uplift. The final SQL value is verified, but the exact underlying ATB value and multiplier should be retained in the analysis workbook or manuscript supplement."
Technology costs,CostInvest,investment cost,EBATT_01,BAU;BAU_UR;CP_MID;HDP;NZ,2030,2322.1,USD/kW,"NREL 2024 ATB, Utility-Scale Battery Storage, 4-hour",2024,https://doi.org/10.25984/2377191,2026-07-12,ATB reference value multiplied by an author-defined period-specific Arctic cost uplift,partially_documented,"ATB 4-hour battery cost category with a period-specific remote Arctic uplift; represented in USD/kW. The final SQL value is verified, but the exact underlying ATB value and multiplier should be retained in the analysis workbook or manuscript supplement."
Technology costs,CostInvest,investment cost,EBATT_01,BAU;BAU_UR;CP_MID;HDP;NZ,2035,2066.0,USD/kW,"NREL 2024 ATB, Utility-Scale Battery Storage, 4-hour",2024,https://doi.org/10.25984/2377191,2026-07-12,ATB reference value multiplied by an author-defined period-specific Arctic cost uplift,partially_documented,"ATB 4-hour battery cost category with a period-specific remote Arctic uplift; represented in USD/kW. The final SQL value is verified, but the exact underlying ATB value and multiplier should be retained in the analysis workbook or manuscript supplement."
Technology costs,CostInvest,investment cost,EBATT_01,BAU;BAU_UR;CP_MID;HDP;NZ,2040,1823.8,USD/kW,"NREL 2024 ATB, Utility-Scale Battery Storage, 4-hour",2024,https://doi.org/10.25984/2377191,2026-07-12,ATB reference value multiplied by an author-defined period-specific Arctic cost uplift,partially_documented,"ATB 4-hour battery cost category with a period-specific remote Arctic uplift; represented in USD/kW. The final SQL value is verified, but the exact underlying ATB value and multiplier should be retained in the analysis workbook or manuscript supplement."
Technology costs,CostInvest,investment cost,EBATT_01,BAU;BAU_UR;CP_MID;HDP;NZ,2045,1595.5,USD/kW,"NREL 2024 ATB, Utility-Scale Battery Storage, 4-hour",2024,https://doi.org/10.25984/2377191,2026-07-12,ATB reference value multiplied by an author-defined period-specific Arctic cost uplift,partially_documented,"ATB 4-hour battery cost category with a period-specific remote Arctic uplift; represented in USD/kW. The final SQL value is verified, but the exact underlying ATB value and multiplier should be retained in the analysis workbook or manuscript supplement."
Technology costs,CostFixed,fixed O&M,GDSL_01,All,2025-2045,82.0,USD/kW-year,"Macdonald and Parsons, The Value of Nuclear Microreactors in Providing Heat and Electricity to Alaskan Communities",2021,https://ceepr.mit.edu/wp-content/uploads/2021/11/2021-018.pdf,2026-07-12,Adopted as a constant remote-diesel fixed O&M assumption,partially_documented,"The source informs the assumption, but the repository should identify the exact table or calculation supporting 82 USD/kW-year."
Technology costs,CostFixed,fixed O&M,GDSL_02,All,2025-2045,82.0,USD/kW-year,"Macdonald and Parsons, The Value of Nuclear Microreactors in Providing Heat and Electricity to Alaskan Communities",2021,https://ceepr.mit.edu/wp-content/uploads/2021/11/2021-018.pdf,2026-07-12,Adopted as a constant remote-diesel fixed O&M assumption,partially_documented,"The source informs the assumption, but the repository should identify the exact table or calculation supporting 82 USD/kW-year."
Technology costs,CostFixed,fixed O&M,GDSL_03,All,2025-2045,82.0,USD/kW-year,"Macdonald and Parsons, The Value of Nuclear Microreactors in Providing Heat and Electricity to Alaskan Communities",2021,https://ceepr.mit.edu/wp-content/uploads/2021/11/2021-018.pdf,2026-07-12,Adopted as a constant remote-diesel fixed O&M assumption,partially_documented,"The source informs the assumption, but the repository should identify the exact table or calculation supporting 82 USD/kW-year."
Technology costs,CostFixed,fixed O&M,GSOL_01,All,2025,46.2,USD/kW-year,"NREL 2024 ATB, Utility PV Class 5",2024,https://doi.org/10.25984/2377191,2026-07-12,ATB fixed O&M multiplied by the model's remote Arctic uplift.,partially_documented,Final SQL value verified. Preserve the exact base ATB value and uplift calculation in project records.
Technology costs,CostFixed,fixed O&M,GSOL_01,All,2030,39.6,USD/kW-year,"NREL 2024 ATB, Utility PV Class 5",2024,https://doi.org/10.25984/2377191,2026-07-12,ATB fixed O&M multiplied by the model's remote Arctic uplift.,partially_documented,Final SQL value verified. Preserve the exact base ATB value and uplift calculation in project records.
Technology costs,CostFixed,fixed O&M,GSOL_01,All,2035,33.0,USD/kW-year,"NREL 2024 ATB, Utility PV Class 5",2024,https://doi.org/10.25984/2377191,2026-07-12,ATB fixed O&M multiplied by the model's remote Arctic uplift.,partially_documented,Final SQL value verified. Preserve the exact base ATB value and uplift calculation in project records.
Technology costs,CostFixed,fixed O&M,GSOL_01,All,2040,31.4,USD/kW-year,"NREL 2024 ATB, Utility PV Class 5",2024,https://doi.org/10.25984/2377191,2026-07-12,ATB fixed O&M multiplied by the model's remote Arctic uplift.,partially_documented,Final SQL value verified. Preserve the exact base ATB value and uplift calculation in project records.
Technology costs,CostFixed,fixed O&M,GSOL_01,All,2045,29.7,USD/kW-year,"NREL 2024 ATB, Utility PV Class 5",2024,https://doi.org/10.25984/2377191,2026-07-12,ATB fixed O&M multiplied by the model's remote Arctic uplift.,partially_documented,Final SQL value verified. Preserve the exact base ATB value and uplift calculation in project records.
Technology costs,CostFixed,fixed O&M,GWND_01,All,2025,69.81,USD/kW-year,"NREL 2024 ATB, Commercial Distributed Wind Class 1",2024,https://doi.org/10.25984/2377191,2026-07-12,ATB fixed O&M multiplied by the model's remote Arctic uplift.,partially_documented,Final SQL value verified. Preserve the exact base ATB value and uplift calculation in project records.
Technology costs,CostFixed,fixed O&M,GWND_01,All,2030,68.4,USD/kW-year,"NREL 2024 ATB, Commercial Distributed Wind Class 1",2024,https://doi.org/10.25984/2377191,2026-07-12,ATB fixed O&M multiplied by the model's remote Arctic uplift.,partially_documented,Final SQL value verified. Preserve the exact base ATB value and uplift calculation in project records.
Technology costs,CostFixed,fixed O&M,GWND_01,All,2035,67.3,USD/kW-year,"NREL 2024 ATB, Commercial Distributed Wind Class 1",2024,https://doi.org/10.25984/2377191,2026-07-12,ATB fixed O&M multiplied by the model's remote Arctic uplift.,partially_documented,Final SQL value verified. Preserve the exact base ATB value and uplift calculation in project records.
Technology costs,CostFixed,fixed O&M,GWND_01,All,2040,66.3,USD/kW-year,"NREL 2024 ATB, Commercial Distributed Wind Class 1",2024,https://doi.org/10.25984/2377191,2026-07-12,ATB fixed O&M multiplied by the model's remote Arctic uplift.,partially_documented,Final SQL value verified. Preserve the exact base ATB value and uplift calculation in project records.
Technology costs,CostFixed,fixed O&M,GWND_01,All,2045,65.2,USD/kW-year,"NREL 2024 ATB, Commercial Distributed Wind Class 1",2024,https://doi.org/10.25984/2377191,2026-07-12,ATB fixed O&M multiplied by the model's remote Arctic uplift.,partially_documented,Final SQL value verified. Preserve the exact base ATB value and uplift calculation in project records.
Technology costs,CostFixed,fixed O&M,GHYD_01,All,2025,75.0,USD/kW-year,"NREL 2024 ATB, Hydropower NSD 2",2024,https://doi.org/10.25984/2377191,2026-07-12,Constant fixed O&M assumption informed by ATB and remote-project literature.,partially_documented,Final SQL value verified. Preserve the exact base ATB value and uplift calculation in project records.
Technology costs,CostFixed,fixed O&M,GHYD_01,All,2030,75.0,USD/kW-year,"NREL 2024 ATB, Hydropower NSD 2",2024,https://doi.org/10.25984/2377191,2026-07-12,Constant fixed O&M assumption informed by ATB and remote-project literature.,partially_documented,Final SQL value verified. Preserve the exact base ATB value and uplift calculation in project records.
Technology costs,CostFixed,fixed O&M,GHYD_01,All,2035,75.0,USD/kW-year,"NREL 2024 ATB, Hydropower NSD 2",2024,https://doi.org/10.25984/2377191,2026-07-12,Constant fixed O&M assumption informed by ATB and remote-project literature.,partially_documented,Final SQL value verified. Preserve the exact base ATB value and uplift calculation in project records.
Technology costs,CostFixed,fixed O&M,GHYD_01,All,2040,75.0,USD/kW-year,"NREL 2024 ATB, Hydropower NSD 2",2024,https://doi.org/10.25984/2377191,2026-07-12,Constant fixed O&M assumption informed by ATB and remote-project literature.,partially_documented,Final SQL value verified. Preserve the exact base ATB value and uplift calculation in project records.
Technology costs,CostFixed,fixed O&M,GHYD_01,All,2045,75.0,USD/kW-year,"NREL 2024 ATB, Hydropower NSD 2",2024,https://doi.org/10.25984/2377191,2026-07-12,Constant fixed O&M assumption informed by ATB and remote-project literature.,partially_documented,Final SQL value verified. Preserve the exact base ATB value and uplift calculation in project records.
Technology costs,CostFixed,fixed O&M,EBATT_01,All,2025,46.5,USD/kW-year,"NREL 2024 ATB, Utility-Scale Battery Storage, 4-hour",2024,https://doi.org/10.25984/2377191,2026-07-12,ATB fixed O&M multiplied by the model's remote Arctic uplift.,partially_documented,Final SQL value verified. Preserve the exact base ATB value and uplift calculation in project records.
Technology costs,CostFixed,fixed O&M,EBATT_01,All,2030,39.0,USD/kW-year,"NREL 2024 ATB, Utility-Scale Battery Storage, 4-hour",2024,https://doi.org/10.25984/2377191,2026-07-12,ATB fixed O&M multiplied by the model's remote Arctic uplift.,partially_documented,Final SQL value verified. Preserve the exact base ATB value and uplift calculation in project records.
Technology costs,CostFixed,fixed O&M,EBATT_01,All,2035,36.0,USD/kW-year,"NREL 2024 ATB, Utility-Scale Battery Storage, 4-hour",2024,https://doi.org/10.25984/2377191,2026-07-12,ATB fixed O&M multiplied by the model's remote Arctic uplift.,partially_documented,Final SQL value verified. Preserve the exact base ATB value and uplift calculation in project records.
Technology costs,CostFixed,fixed O&M,EBATT_01,All,2040,33.0,USD/kW-year,"NREL 2024 ATB, Utility-Scale Battery Storage, 4-hour",2024,https://doi.org/10.25984/2377191,2026-07-12,ATB fixed O&M multiplied by the model's remote Arctic uplift.,partially_documented,Final SQL value verified. Preserve the exact base ATB value and uplift calculation in project records.
Technology costs,CostFixed,fixed O&M,EBATT_01,All,2045,30.0,USD/kW-year,"NREL 2024 ATB, Utility-Scale Battery Storage, 4-hour",2024,https://doi.org/10.25984/2377191,2026-07-12,ATB fixed O&M multiplied by the model's remote Arctic uplift.,partially_documented,Final SQL value verified. Preserve the exact base ATB value and uplift calculation in project records.
Fuel costs,CostVariable,diesel import cost,IMP_DSL,BAU;BAU_UR;CP_MID;NZ;NZ_SUBSIDY,2030,0.6300,USD/kWh_fuel,"Northwest Arctic Borough, Shungnak Community Profile",2022,https://www.nwabor.org/wp-content/uploads/L.-Community-Profile-Shungnak.pdf,2026-07-12,2030 value derived in SQL as 8.50 USD/gal divided by approximately 13.5 kWh_el/gal; later periods compounded by 2% per five-year step,needs_author_review,"The SQL applies this cost to IMP_DSL before the 0.34 generator efficiency. Because 13.5 kWh/gal is an electrical-output efficiency, the cost units and efficiency treatment may double-count conversion losses. Keep the implemented value for reproduction, but review the formulation before publication."
Fuel costs,CostVariable,diesel import cost,IMP_DSL,BAU;BAU_UR;CP_MID;NZ;NZ_SUBSIDY,2035,0.6426,USD/kWh_fuel,"Northwest Arctic Borough, Shungnak Community Profile",2022,https://www.nwabor.org/wp-content/uploads/L.-Community-Profile-Shungnak.pdf,2026-07-12,2030 value derived in SQL as 8.50 USD/gal divided by approximately 13.5 kWh_el/gal; later periods compounded by 2% per five-year step,needs_author_review,"The SQL applies this cost to IMP_DSL before the 0.34 generator efficiency. Because 13.5 kWh/gal is an electrical-output efficiency, the cost units and efficiency treatment may double-count conversion losses. Keep the implemented value for reproduction, but review the formulation before publication."
Fuel costs,CostVariable,diesel import cost,IMP_DSL,BAU;BAU_UR;CP_MID;NZ;NZ_SUBSIDY,2040,0.6554,USD/kWh_fuel,"Northwest Arctic Borough, Shungnak Community Profile",2022,https://www.nwabor.org/wp-content/uploads/L.-Community-Profile-Shungnak.pdf,2026-07-12,2030 value derived in SQL as 8.50 USD/gal divided by approximately 13.5 kWh_el/gal; later periods compounded by 2% per five-year step,needs_author_review,"The SQL applies this cost to IMP_DSL before the 0.34 generator efficiency. Because 13.5 kWh/gal is an electrical-output efficiency, the cost units and efficiency treatment may double-count conversion losses. Keep the implemented value for reproduction, but review the formulation before publication."
Fuel costs,CostVariable,diesel import cost,IMP_DSL,BAU;BAU_UR;CP_MID;NZ;NZ_SUBSIDY,2045,0.6685,USD/kWh_fuel,"Northwest Arctic Borough, Shungnak Community Profile",2022,https://www.nwabor.org/wp-content/uploads/L.-Community-Profile-Shungnak.pdf,2026-07-12,2030 value derived in SQL as 8.50 USD/gal divided by approximately 13.5 kWh_el/gal; later periods compounded by 2% per five-year step,needs_author_review,"The SQL applies this cost to IMP_DSL before the 0.34 generator efficiency. Because 13.5 kWh/gal is an electrical-output efficiency, the cost units and efficiency treatment may double-count conversion losses. Keep the implemented value for reproduction, but review the formulation before publication."
Fuel costs,CostVariable,diesel import cost,IMP_DSL,HDP,2030,0.9450,USD/kWh_fuel,Author-defined High Diesel Price sensitivity based on the NWAB fuel-price assumption,2022,https://www.nwabor.org/wp-content/uploads/L.-Community-Profile-Shungnak.pdf,2026-07-12,Base diesel cost schedule multiplied by 1.50,needs_author_review,Corresponds narratively to about 12.75 USD/gal. The same dimensional-consistency issue noted for the base schedule applies.
Fuel costs,CostVariable,diesel import cost,IMP_DSL,HDP,2035,0.9639,USD/kWh_fuel,Author-defined High Diesel Price sensitivity based on the NWAB fuel-price assumption,2022,https://www.nwabor.org/wp-content/uploads/L.-Community-Profile-Shungnak.pdf,2026-07-12,Base diesel cost schedule multiplied by 1.50,needs_author_review,Corresponds narratively to about 12.75 USD/gal. The same dimensional-consistency issue noted for the base schedule applies.
Fuel costs,CostVariable,diesel import cost,IMP_DSL,HDP,2040,0.9831,USD/kWh_fuel,Author-defined High Diesel Price sensitivity based on the NWAB fuel-price assumption,2022,https://www.nwabor.org/wp-content/uploads/L.-Community-Profile-Shungnak.pdf,2026-07-12,Base diesel cost schedule multiplied by 1.50,needs_author_review,Corresponds narratively to about 12.75 USD/gal. The same dimensional-consistency issue noted for the base schedule applies.
Fuel costs,CostVariable,diesel import cost,IMP_DSL,HDP,2045,1.0028,USD/kWh_fuel,Author-defined High Diesel Price sensitivity based on the NWAB fuel-price assumption,2022,https://www.nwabor.org/wp-content/uploads/L.-Community-Profile-Shungnak.pdf,2026-07-12,Base diesel cost schedule multiplied by 1.50,needs_author_review,Corresponds narratively to about 12.75 USD/gal. The same dimensional-consistency issue noted for the base schedule applies.
Demand,Demand,annual electricity demand,,All,2030,1741984.94,kWh/year,"Alaska Village Electric Cooperative historical load data, with ANTHC project support",2023,,,"1% annual compound growth from an implied 2025 model base of approximately 1,657,438.9 kWh",verified_confidential_source,"Raw hourly AVEC records are confidential and are not redistributed. The manuscript reports the rounded 2025 value as 1,657.4 MWh."
Demand,Demand,annual electricity demand,,All,2035,1830843.67,kWh/year,"Alaska Village Electric Cooperative historical load data, with ANTHC project support",2023,,,"1% annual compound growth from an implied 2025 model base of approximately 1,657,438.9 kWh",verified_confidential_source,"Raw hourly AVEC records are confidential and are not redistributed. The manuscript reports the rounded 2025 value as 1,657.4 MWh."
Demand,Demand,annual electricity demand,,All,2040,1924235.10,kWh/year,"Alaska Village Electric Cooperative historical load data, with ANTHC project support",2023,,,"1% annual compound growth from an implied 2025 model base of approximately 1,657,438.9 kWh",verified_confidential_source,"Raw hourly AVEC records are confidential and are not redistributed. The manuscript reports the rounded 2025 value as 1,657.4 MWh."
Demand,Demand,annual electricity demand,,All,2045,2022390.43,kWh/year,"Alaska Village Electric Cooperative historical load data, with ANTHC project support",2023,,,"1% annual compound growth from an implied 2025 model base of approximately 1,657,438.9 kWh",verified_confidential_source,"Raw hourly AVEC records are confidential and are not redistributed. The manuscript reports the rounded 2025 value as 1,657.4 MWh."
Technology performance,Efficiency,electrical efficiency,GDSL_01;GDSL_02;GDSL_03,All,2025-2045,0.34,fraction,Author-defined fleet-average assumption informed by Shungnak operating data,,,,Applied as DSL input to ELC output efficiency,author_assumption,Equivalent to about 34% electrical efficiency. The prior CSV attribution to an AEA PCE Report was not sufficiently traceable.
Technology performance,Efficiency,round-trip efficiency,EBATT_01,All,2025-2045,0.85,fraction,"NREL 2024 ATB, Utility-Scale Battery Storage, 4-hour",2024,https://doi.org/10.25984/2377191,2026-07-12,Entered directly in the Temoa Efficiency table,needs_author_review,"The SQL uses 0.85, while the current manuscript reports 0.95. The repository value is authoritative for reproduction; the manuscript should be corrected or the modeling distinction explained."
Technology performance,StorageDuration,storage duration,EBATT_01,All,,4,hours,Author-defined Temoa planning convention informed by the NREL ATB 4-hour battery category,2024,https://doi.org/10.25984/2377191,2026-07-12,Entered directly in StorageDuration,needs_author_review,"The physical battery is reported as 250 kW / 384 kWh, which equals 1.536 hours. The 4-hour value is therefore a planning-model convention or candidate-storage assumption, not the physical existing-system ratio."
Resource profiles,CapacityFactorTech,minimum/maximum capacity factor,GSOL_01,All,96 season-hour slices,0.0000/0.5072,fraction,"Dobos, PVWatts Version 5 Manual; Shungnak PVWatts model output",2014,https://doi.org/10.2172/1158421,2026-07-12,PVWatts hourly output represented as four seasonal 24-hour profiles; CSV reports the SQL minimum and maximum,partially_documented,"All 96 SQL values were checked. Preserve the exact PVWatts inputs, weather file, array geometry, losses, DC/AC ratio, and extraction procedure for full traceability."
Resource profiles,CapacityFactorTech,minimum/maximum capacity factor,GWND_01,All,96 season-hour slices,0.0343/0.3314,fraction,"Wang et al., WIND Toolkit Long-Term Ensemble Dataset",2024,https://doi.org/10.25984/2504176,2026-07-12,Shungnak-area 40 m wind data converted to a modeled 100 kW turbine capacity factor and represented as four seasonal 24-hour profiles,needs_author_review,"All 96 SQL values were checked. The exact grid point, time period, ensemble member, turbine power curve, losses, and aggregation method should be documented."
Resource profiles,CapacityFactorTech,minimum/maximum capacity factor,GHYD_01,All,96 season-hour slices,0.0770/0.8260,fraction,"U.S. Geological Survey, Dahl Creek near Kobuk, Alaska, monitoring location 15743850",,https://waterdata.usgs.gov/monitoring-location/15743850/,2026-07-12,"Historical monthly mean discharge normalized by the maximum historical monthly mean, mapped to four seasons, and held constant across each season's 24 hours",partially_documented,"This is a regional hydrologic proxy, not a site-specific Shungnak feasibility or design study."
Emissions,EmissionActivity,operational CO2 factor,GDSL_01;GDSL_02;GDSL_03,All,2025-2045,0.0007421,tCO2/kWh_el,"U.S. EPA, 40 CFR Part 98, Subpart C, Table C-1",2024,https://www.epa.gov/system/files/documents/2024-02/part-98-efs_weiscodes_rev01092024.xlsx,2026-07-12,73.96 kg CO2/MMBtu × 0.003412 MMBtu/kWh_fuel ÷ 0.34 efficiency ÷ 1000 kg/t,verified_public_source,The calculation gives approximately 0.0007422 tCO2/kWh_el; the SQL value is rounded to 0.0007421. Lifecycle emissions are excluded.
Policy assumptions,CostEmission,carbon price,,CP_MID,2030,60,USD/tCO2,Author-defined moderate carbon-price pathway,,,,Entered directly as the scenario emission cost,author_assumption,"This is a policy sensitivity, not a directly extracted IPCC price projection."
Policy assumptions,CostEmission,carbon price,,CP_MID,2035,105,USD/tCO2,Author-defined moderate carbon-price pathway,,,,Entered directly as the scenario emission cost,author_assumption,"This is a policy sensitivity, not a directly extracted IPCC price projection."
Policy assumptions,CostEmission,carbon price,,CP_MID,2040,150,USD/tCO2,Author-defined moderate carbon-price pathway,,,,Entered directly as the scenario emission cost,author_assumption,"This is a policy sensitivity, not a directly extracted IPCC price projection."
Policy assumptions,CostEmission,carbon price,,CP_MID,2045,195,USD/tCO2,Author-defined moderate carbon-price pathway,,,,Entered directly as the scenario emission cost,author_assumption,"This is a policy sensitivity, not a directly extracted IPCC price projection."
Policy assumptions,CostEmission,carbon price,,NZ;NZ_SUBSIDY,2030,150,USD/tCO2,Author-defined high carbon-price pathway,,,,Entered directly as the scenario emission cost,author_assumption,"This is a policy sensitivity, not a directly extracted IPCC price projection."
Policy assumptions,CostEmission,carbon price,,NZ;NZ_SUBSIDY,2035,275,USD/tCO2,Author-defined high carbon-price pathway,,,,Entered directly as the scenario emission cost,author_assumption,"This is a policy sensitivity, not a directly extracted IPCC price projection."
Policy assumptions,CostEmission,carbon price,,NZ;NZ_SUBSIDY,2040,400,USD/tCO2,Author-defined high carbon-price pathway,,,,Entered directly as the scenario emission cost,author_assumption,"This is a policy sensitivity, not a directly extracted IPCC price projection."
Policy assumptions,CostEmission,carbon price,,NZ;NZ_SUBSIDY,2045,500,USD/tCO2,Author-defined high carbon-price pathway,,,,Entered directly as the scenario emission cost,author_assumption,"This is a policy sensitivity, not a directly extracted IPCC price projection."
Policy assumptions,CostInvest,subsidized investment cost,GSOL_01,NZ_SUBSIDY,2030,2005.08,USD/kW,"NREL 2024 ATB, Utility PV Class 5 plus author-defined capital support",2024,https://doi.org/10.25984/2377191,2026-07-12,Standard model investment cost multiplied by 0.70,verified_author_transformation,Exact 30% reduction from the standard SQL cost. Diesel investment cost is not subsidized.
Policy assumptions,CostInvest,subsidized investment cost,GSOL_01,NZ_SUBSIDY,2035,1462.37,USD/kW,"NREL 2024 ATB, Utility PV Class 5 plus author-defined capital support",2024,https://doi.org/10.25984/2377191,2026-07-12,Standard model investment cost multiplied by 0.70,verified_author_transformation,Exact 30% reduction from the standard SQL cost. Diesel investment cost is not subsidized.
Policy assumptions,CostInvest,subsidized investment cost,GSOL_01,NZ_SUBSIDY,2040,1308.23,USD/kW,"NREL 2024 ATB, Utility PV Class 5 plus author-defined capital support",2024,https://doi.org/10.25984/2377191,2026-07-12,Standard model investment cost multiplied by 0.70,verified_author_transformation,Exact 30% reduction from the standard SQL cost. Diesel investment cost is not subsidized.
Policy assumptions,CostInvest,subsidized investment cost,GSOL_01,NZ_SUBSIDY,2045,1160.74,USD/kW,"NREL 2024 ATB, Utility PV Class 5 plus author-defined capital support",2024,https://doi.org/10.25984/2377191,2026-07-12,Standard model investment cost multiplied by 0.70,verified_author_transformation,Exact 30% reduction from the standard SQL cost. Diesel investment cost is not subsidized.
Policy assumptions,CostInvest,subsidized investment cost,GWND_01,NZ_SUBSIDY,2030,4138.96,USD/kW,"NREL 2024 ATB, Commercial Distributed Wind Class 1 plus author-defined capital support",2024,https://doi.org/10.25984/2377191,2026-07-12,Standard model investment cost multiplied by 0.70,verified_author_transformation,Exact 30% reduction from the standard SQL cost. Diesel investment cost is not subsidized.
Policy assumptions,CostInvest,subsidized investment cost,GWND_01,NZ_SUBSIDY,2035,3404.38,USD/kW,"NREL 2024 ATB, Commercial Distributed Wind Class 1 plus author-defined capital support",2024,https://doi.org/10.25984/2377191,2026-07-12,Standard model investment cost multiplied by 0.70,verified_author_transformation,Exact 30% reduction from the standard SQL cost. Diesel investment cost is not subsidized.
Policy assumptions,CostInvest,subsidized investment cost,GWND_01,NZ_SUBSIDY,2040,2710.61,USD/kW,"NREL 2024 ATB, Commercial Distributed Wind Class 1 plus author-defined capital support",2024,https://doi.org/10.25984/2377191,2026-07-12,Standard model investment cost multiplied by 0.70,verified_author_transformation,Exact 30% reduction from the standard SQL cost. Diesel investment cost is not subsidized.
Policy assumptions,CostInvest,subsidized investment cost,GWND_01,NZ_SUBSIDY,2045,2366.84,USD/kW,"NREL 2024 ATB, Commercial Distributed Wind Class 1 plus author-defined capital support",2024,https://doi.org/10.25984/2377191,2026-07-12,Standard model investment cost multiplied by 0.70,verified_author_transformation,Exact 30% reduction from the standard SQL cost. Diesel investment cost is not subsidized.
Policy assumptions,CostInvest,subsidized investment cost,GHYD_01,NZ_SUBSIDY,2030,8547.07,USD/kW,"NREL 2024 ATB, Hydropower NSD 2 plus author-defined capital support",2024,https://doi.org/10.25984/2377191,2026-07-12,Standard model investment cost multiplied by 0.70,verified_author_transformation,Exact 30% reduction from the standard SQL cost. Diesel investment cost is not subsidized.
Policy assumptions,CostInvest,subsidized investment cost,GHYD_01,NZ_SUBSIDY,2035,8357.16,USD/kW,"NREL 2024 ATB, Hydropower NSD 2 plus author-defined capital support",2024,https://doi.org/10.25984/2377191,2026-07-12,Standard model investment cost multiplied by 0.70,verified_author_transformation,Exact 30% reduction from the standard SQL cost. Diesel investment cost is not subsidized.
Policy assumptions,CostInvest,subsidized investment cost,GHYD_01,NZ_SUBSIDY,2040,8167.18,USD/kW,"NREL 2024 ATB, Hydropower NSD 2 plus author-defined capital support",2024,https://doi.org/10.25984/2377191,2026-07-12,Standard model investment cost multiplied by 0.70,verified_author_transformation,Exact 30% reduction from the standard SQL cost. Diesel investment cost is not subsidized.
Policy assumptions,CostInvest,subsidized investment cost,GHYD_01,NZ_SUBSIDY,2045,7977.27,USD/kW,"NREL 2024 ATB, Hydropower NSD 2 plus author-defined capital support",2024,https://doi.org/10.25984/2377191,2026-07-12,Standard model investment cost multiplied by 0.70,verified_author_transformation,Exact 30% reduction from the standard SQL cost. Diesel investment cost is not subsidized.
Policy assumptions,CostInvest,subsidized investment cost,EBATT_01,NZ_SUBSIDY,2030,1625.47,USD/kW,"NREL 2024 ATB, Utility-Scale Battery Storage, 4-hour plus author-defined capital support",2024,https://doi.org/10.25984/2377191,2026-07-12,Standard model investment cost multiplied by 0.70,verified_author_transformation,Exact 30% reduction from the standard SQL cost. Diesel investment cost is not subsidized.
Policy assumptions,CostInvest,subsidized investment cost,EBATT_01,NZ_SUBSIDY,2035,1446.20,USD/kW,"NREL 2024 ATB, Utility-Scale Battery Storage, 4-hour plus author-defined capital support",2024,https://doi.org/10.25984/2377191,2026-07-12,Standard model investment cost multiplied by 0.70,verified_author_transformation,Exact 30% reduction from the standard SQL cost. Diesel investment cost is not subsidized.
Policy assumptions,CostInvest,subsidized investment cost,EBATT_01,NZ_SUBSIDY,2040,1276.66,USD/kW,"NREL 2024 ATB, Utility-Scale Battery Storage, 4-hour plus author-defined capital support",2024,https://doi.org/10.25984/2377191,2026-07-12,Standard model investment cost multiplied by 0.70,verified_author_transformation,Exact 30% reduction from the standard SQL cost. Diesel investment cost is not subsidized.
Policy assumptions,CostInvest,subsidized investment cost,EBATT_01,NZ_SUBSIDY,2045,1116.85,USD/kW,"NREL 2024 ATB, Utility-Scale Battery Storage, 4-hour plus author-defined capital support",2024,https://doi.org/10.25984/2377191,2026-07-12,Standard model investment cost multiplied by 0.70,verified_author_transformation,Exact 30% reduction from the standard SQL cost. Diesel investment cost is not subsidized.
Deployment constraints,MaxCapacity,total capacity ceiling,GSOL_01,Where technology is available,2030-2045,1000,kW,Northwest Arctic Borough regional planning material and author-defined technical-potential assumption,2009/2022,https://www.nwabor.org/wp-content/uploads/L.-Community-Profile-Shungnak.pdf,2026-07-12,Entered directly as a planning constraint,partially_documented,Total solar capacity ceiling; approximately three times peak load in the model notes.
Deployment constraints,MaxCapacity,total capacity ceiling,GWND_01,Where technology is available,2030-2045,500,kW,NANA Strategic Energy Plan and author-defined village-scale wind ceiling,2009/2022,https://www.energy.gov/sites/prod/files/2016/02/f29/nana_strategic_planning_final_report_first_steps.pdf,2026-07-12,Entered directly as a planning constraint,partially_documented,"Planning ceiling, not a site-specific interconnection or siting determination."
Deployment constraints,MaxCapacity,total capacity ceiling,GHYD_01,Where technology is available,2030-2045,144,kW,NANA Strategic Energy Plan and regional historical hydro concepts,2009/2022,https://www.energy.gov/sites/prod/files/2016/02/f29/nana_strategic_planning_final_report_first_steps.pdf,2026-07-12,Entered directly as a planning constraint,partially_documented,Planning proxy based on regional concepts; not a confirmed engineered project.
Deployment constraints,MaxNewCapacity,maximum new capacity per period,GSOL_01,Scenario dependent,2030-2045,250,kW,Author-defined remote-community construction and deployment assumption,,,,Entered directly as a per-period build limit,author_assumption,See docs/scenario_definitions.md for technology availability and scenario-specific use of these limits.
Deployment constraints,MaxNewCapacity,maximum new capacity per period,GWND_01,Scenario dependent,2030-2045,200,kW,Author-defined remote-community construction and deployment assumption,,,,Entered directly as a per-period build limit,author_assumption,See docs/scenario_definitions.md for technology availability and scenario-specific use of these limits.
Deployment constraints,MaxNewCapacity,maximum new capacity per period,GHYD_01,Scenario dependent,2030-2045,144,kW,Author-defined remote-community construction and deployment assumption,,,,Entered directly as a per-period build limit,author_assumption,See docs/scenario_definitions.md for technology availability and scenario-specific use of these limits.
Deployment constraints,MaxNewCapacity,maximum new capacity per period,EBATT_01,Scenario dependent,2030-2045,250,kW,Author-defined remote-community construction and deployment assumption,,,,Entered directly as a per-period build limit,author_assumption,See docs/scenario_definitions.md for technology availability and scenario-specific use of these limits.
Technology performance,LifetimeTech,technical lifetime,GDSL_01;GDSL_02;GDSL_03,All,,20,years,AEA and author-defined technical-lifetime assumption,,https://www.akenergyauthority.org/Portals/0/Who%20We%20Are/News%20Room/Publications%20and%20Resources/2009.01.01%20Alaska%20Energy%20-%20A%20First%20Step%20Toward%20Energy%20Independence.pdf,2026-07-12,Entered directly in the technology lifetime table,partially_documented,The final SQL value is verified; the precise source table or justification should be retained in project records.
Technology performance,LifetimeTech,technical lifetime,GSOL_01,All,,30,years,NREL ATB and author-defined technical-lifetime assumption,,https://doi.org/10.25984/2377191,2026-07-12,Entered directly in the technology lifetime table,partially_documented,The final SQL value is verified; the precise source table or justification should be retained in project records.
Technology performance,LifetimeTech,technical lifetime,GWND_01,All,,20,years,NREL ATB and author-defined technical-lifetime assumption,,https://doi.org/10.25984/2377191,2026-07-12,Entered directly in the technology lifetime table,partially_documented,The final SQL value is verified; the precise source table or justification should be retained in project records.
Technology performance,LifetimeTech,technical lifetime,GHYD_01,All,,100,years,NREL ATB and author-defined long-lived hydropower assumption,,https://doi.org/10.25984/2377191,2026-07-12,Entered directly in the technology lifetime table,partially_documented,The final SQL value is verified; the precise source table or justification should be retained in project records.
Technology performance,LifetimeTech,technical lifetime,EBATT_01,All,,15,years,NREL ATB and author-defined battery-lifetime assumption,,https://doi.org/10.25984/2377191,2026-07-12,Entered directly in the technology lifetime table,partially_documented,The final SQL value is verified; the precise source table or justification should be retained in project records.
