scenario,region,period,tech,vintage,d_invest,d_fixed,d_var,d_emiss,invest,fixed,var,emiss
HDP,shungnak,2030,EBATT_01,2025,0.0,48474.68581381057,0.0,0.0,0.0,58125.0,0.0,0.0
HDP,shungnak,2030,EBATT_01,2030,467941.35395148373,40656.18810190563,0.0,0.0,838936.5977153485,48750.0,0.0,0.0
HDP,shungnak,2030,ELECT,2030,0.0,0.0,0.0,0.0,0.0,0.0,0.0,0.0
HDP,shungnak,2030,GDSL_01,2025,0.0,172674.12813332432,0.0,0.0,0.0,207050.0,0.0,0.0
HDP,shungnak,2030,GDSL_02,2025,0.0,124120.21487603313,0.0,0.0,0.0,148830.0,0.0,0.0
HDP,shungnak,2030,GDSL_03,2025,0.0,172674.12813332432,0.0,0.0,0.0,207050.0,0.0,0.0
HDP,shungnak,2030,GHYD_01,2030,959603.070772318,45034.546820572396,0.0,0.0,2049356.6658818028,54000.0,0.0,0.0
HDP,shungnak,2030,GSOL_01,2025,0.0,35890.28208865518,0.0,0.0,0.0,43035.3,0.0,0.0
HDP,shungnak,2030,GSOL_01,2030,538124.3851100164,41281.66791885803,0.0,0.0,1149234.3337450807,49500.0,0.0,0.0
HDP,shungnak,2030,GWND_01,2030,888652.943521437,57043.75930605837,0.0,0.0,1897833.4781644777,68400.00000000001,0.0,0.0
HDP,shungnak,2030,IMP_DSL,2025,0.0,0.0,1413040.843475808,0.0,0.0,0.0,1694348.24895,0.0
HDP,shungnak,2030,IMP_DSL,2030,0.0,0.0,3683074.0444440353,0.0,0.0,0.0,4416298.429567499,0.0
HDP,shungnak,2030,IMP_HYD,2025,0.0,0.0,0.0,0.0,0.0,0.0,0.0,0.0
HDP,shungnak,2030,IMP_HYD,2030,0.0,0.0,0.0,0.0,0.0,0.0,0.0,0.0
HDP,shungnak,2030,IMP_SOL,2025,0.0,0.0,0.0,0.0,0.0,0.0,0.0,0.0
HDP,shungnak,2030,IMP_SOL,2030,0.0,0.0,0.0,0.0,0.0,0.0,0.0,0.0
HDP,shungnak,2030,IMP_WND,2025,0.0,0.0,0.0,0.0,0.0,0.0,0.0,0.0
HDP,shungnak,2030,IMP_WND,2030,0.0,0.0,0.0,0.0,0.0,0.0,0.0,0.0
HDP,shungnak,2035,EBATT_01,2025,0.0,30098.966050388102,0.0,0.0,0.0,58125.0,0.0,0.0
HDP,shungnak,2035,EBATT_01,2030,0.0,25244.294106777117,0.0,0.0,0.0,48750.0,0.0,0.0
HDP,shungnak,2035,EBATT_01,2035,258510.031300776,23302.425329332724,0.0,0.0,746411.8732526205,45000.0,0.0,0.0
HDP,shungnak,2035,ELECT,2030,0.0,0.0,0.0,0.0,0.0,0.0,0.0,0.0
HDP,shungnak,2035,ELECT,2035,0.0,0.0,0.0,0.0,0.0,0.0,0.0,0.0
HDP,shungnak,2035,GDSL_01,2025,0.0,107217.04809862979,0.0,0.0,0.0,207050.0,0.0,0.0
HDP,shungnak,2035,GDSL_02,2025,0.0,77068.8880392131,0.0,0.0,0.0,148830.0,0.0,0.0
HDP,shungnak,2035,GDSL_03,2025,0.0,107217.04809862979,0.0,0.0,0.0,207050.0,0.0,0.0
HDP,shungnak,2035,GHYD_01,2030,0.0,27962.910395199266,0.0,0.0,0.0,54000.0,0.0,0.0
HDP,shungnak,2035,GSOL_01,2025,0.0,22285.04143945406,0.0,0.0,0.0,43035.3,0.0,0.0
HDP,shungnak,2035,GSOL_01,2030,0.0,25632.667862265997,0.0,0.0,0.0,49500.0,0.0,0.0
HDP,shungnak,2035,GSOL_01,2035,148116.65420961377,14531.892505419453,0.0,0.0,427666.302820863,28062.9657,0.0,0.0
HDP,shungnak,2035,GWND_01,2030,0.0,35419.68650058574,0.0,0.0,0.0,68400.00000000001,0.0,0.0
HDP,shungnak,2035,GWND_01,2035,405475.8837783586,34850.071659202054,0.0,0.0,1170755.395629624,67300.0,0.0,0.0
HDP,shungnak,2035,IMP_DSL,2025,0.0,0.0,858.8657730704848,0.0,0.0,0.0,1658.58099498,0.0
HDP,shungnak,2035,IMP_DSL,2030,0.0,0.0,11600.249730806981,0.0,0.0,0.0,22401.58397715,0.0
HDP,shungnak,2035,IMP_DSL,2035,0.0,0.0,3748.868417296925,0.0,0.0,0.0,7239.550235400001,0.0
HDP,shungnak,2035,IMP_HYD,2025,0.0,0.0,0.0,0.0,0.0,0.0,0.0,0.0
HDP,shungnak,2035,IMP_HYD,2030,0.0,0.0,0.0,0.0,0.0,0.0,0.0,0.0
HDP,shungnak,2035,IMP_HYD,2035,0.0,0.0,0.0,0.0,0.0,0.0,0.0,0.0
HDP,shungnak,2035,IMP_SOL,2025,0.0,0.0,0.0,0.0,0.0,0.0,0.0,0.0
HDP,shungnak,2035,IMP_SOL,2030,0.0,0.0,0.0,0.0,0.0,0.0,0.0,0.0
HDP,shungnak,2035,IMP_SOL,2035,0.0,0.0,0.0,0.0,0.0,0.0,0.0,0.0
HDP,shungnak,2035,IMP_WND,2025,0.0,0.0,0.0,0.0,0.0,0.0,0.0,0.0
HDP,shungnak,2035,IMP_WND,2030,0.0,0.0,0.0,0.0,0.0,0.0,0.0,0.0
HDP,shungnak,2035,IMP_WND,2035,0.0,0.0,0.0,0.0,0.0,0.0,0.0,0.0
HDP,shungnak,2040,EBATT_01,2030,0.0,15674.720496474478,0.0,0.0,0.0,48750.0,0.0,0.0
HDP,shungnak,2040,EBATT_01,2035,0.0,14468.972765976441,0.0,0.0,0.0,45000.0,0.0,0.0
HDP,shungnak,2040,EBATT_01,2040,96042.56209219458,11128.114252441099,0.0,0.0,368558.6529159448,34609.5849,0.0,0.0
HDP,shungnak,2040,ELECT,2030,0.0,0.0,0.0,0.0,0.0,0.0,0.0,0.0
HDP,shungnak,2040,ELECT,2035,0.0,0.0,0.0,0.0,0.0,0.0,0.0,0.0
HDP,shungnak,2040,ELECT,2040,0.0,0.0,0.0,0.0,0.0,0.0,0.0,0.0
HDP,shungnak,2040,GDSL_01,2025,0.0,66573.35135989827,0.0,0.0,0.0,207050.0,0.0,0.0
HDP,shungnak,2040,GDSL_02,2025,0.0,47853.71592800609,0.0,0.0,0.0,148830.0,0.0,0.0
HDP,shungnak,2040,GDSL_03,2025,0.0,66573.35135989827,0.0,0.0,0.0,207050.0,0.0,0.0
HDP,shungnak,2040,GHYD_01,2030,0.0,17362.76731917173,0.0,0.0,0.0,54000.0,0.0,0.0
HDP,shungnak,2040,GSOL_01,2025,0.0,13837.257415013912,0.0,0.0,0.0,43035.3,0.0,0.0
HDP,shungnak,2040,GSOL_01,2030,0.0,15915.870042574084,0.0,0.0,0.0,49500.0,0.0,0.0
HDP,shungnak,2040,GSOL_01,2035,0.0,9023.161921018465,0.0,0.0,0.0,28062.9657,0.0,0.0
HDP,shungnak,2040,GWND_01,2030,0.0,21992.838604284192,0.0,0.0,0.0,68400.00000000001,0.0,0.0
HDP,shungnak,2040,GWND_01,2035,0.0,21639.152603338098,0.0,0.0,0.0,67300.0,0.0,0.0
HDP,shungnak,2040,GWND_01,2040,46251.17342552433,6088.361480060543,0.0,0.0,177486.6247021783,18935.433153,0.0,0.0
HDP,shungnak,2040,IMP_HYD,2025,0.0,0.0,0.0,0.0,0.0,0.0,0.0,0.0
HDP,shungnak,2040,IMP_HYD,2030,0.0,0.0,0.0,0.0,0.0,0.0,0.0,0.0
HDP,shungnak,2040,IMP_HYD,2035,0.0,0.0,0.0,0.0,0.0,0.0,0.0,0.0
HDP,shungnak,2040,IMP_HYD,2040,0.0,0.0,0.0,0.0,0.0,0.0,0.0,0.0
HDP,shungnak,2040,IMP_SOL,2025,0.0,0.0,0.0,0.0,0.0,0.0,0.0,0.0
HDP,shungnak,2040,IMP_SOL,2030,0.0,0.0,0.0,0.0,0.0,0.0,0.0,0.0
HDP,shungnak,2040,IMP_SOL,2035,0.0,0.0,0.0,0.0,0.0,0.0,0.0,0.0
HDP,shungnak,2040,IMP_SOL,2040,0.0,0.0,0.0,0.0,0.0,0.0,0.0,0.0
HDP,shungnak,2040,IMP_WND,2025,0.0,0.0,0.0,0.0,0.0,0.0,0.0,0.0
HDP,shungnak,2040,IMP_WND,2030,0.0,0.0,0.0,0.0,0.0,0.0,0.0,0.0
HDP,shungnak,2040,IMP_WND,2035,0.0,0.0,0.0,0.0,0.0,0.0,0.0,0.0
HDP,shungnak,2040,IMP_WND,2040,0.0,0.0,0.0,0.0,0.0,0.0,0.0,0.0
HDP,shungnak,2045,EBATT_01,2035,0.0,8984.093713156974,0.0,0.0,0.0,45000.0,0.0,0.0
HDP,shungnak,2045,EBATT_01,2040,0.0,6909.683424779166,0.0,0.0,0.0,34609.5849,0.0,0.0
HDP,shungnak,2045,EBATT_01,2045,38360.61272339723,7486.744760964144,0.0,0.0,192142.6498506867,37500.0,0.0,0.0
HDP,shungnak,2045,ELECT,2030,0.0,0.0,0.0,0.0,0.0,0.0,0.0,0.0
HDP,shungnak,2045,ELECT,2035,0.0,0.0,0.0,0.0,0.0,0.0,0.0,0.0
HDP,shungnak,2045,ELECT,2040,0.0,0.0,0.0,0.0,0.0,0.0,0.0,0.0
HDP,shungnak,2045,ELECT,2045,0.0,0.0,0.0,0.0,0.0,0.0,0.0,0.0
HDP,shungnak,2045,GDSL_02,2045,143132.81082101437,29713.39260731449,0.0,0.0,716931.1332441918,148830.0,0.0,0.0
HDP,shungnak,2045,GHYD_01,2030,0.0,10780.912455788368,0.0,0.0,0.0,54000.0,0.0,0.0
HDP,shungnak,2045,GSOL_01,2025,0.0,8591.84818164054,0.0,0.0,0.0,43035.3,0.0,0.0
HDP,shungnak,2045,GSOL_01,2030,0.0,9882.50308447267,0.0,0.0,0.0,49500.0,0.0,0.0
HDP,shungnak,2045,GSOL_01,2035,0.0,5602.673638175772,0.0,0.0,0.0,28062.9657,0.0,0.0
HDP,shungnak,2045,GWND_01,2030,0.0,13655.822443998599,0.0,0.0,0.0,68400.00000000001,0.0,0.0
HDP,shungnak,2045,GWND_01,2035,0.0,13436.211264343649,0.0,0.0,0.0,67300.0,0.0,0.0
HDP,shungnak,2045,GWND_01,2040,0.0,3780.393465461587,0.0,0.0,0.0,18935.433153,0.0,0.0
HDP,shungnak,2045,GWND_01,2045,11613.353467106463,2790.8047736145204,0.0,0.0,58169.57421698033,13978.729388,0.0,0.0
HDP,shungnak,2045,IMP_HYD,2025,0.0,0.0,0.0,0.0,0.0,0.0,0.0,0.0
HDP,shungnak,2045,IMP_HYD,2030,0.0,0.0,0.0,0.0,0.0,0.0,0.0,0.0
HDP,shungnak,2045,IMP_HYD,2035,0.0,0.0,0.0,0.0,0.0,0.0,0.0,0.0
HDP,shungnak,2045,IMP_HYD,2040,0.0,0.0,0.0,0.0,0.0,0.0,0.0,0.0
HDP,shungnak,2045,IMP_HYD,2045,0.0,0.0,0.0,0.0,0.0,0.0,0.0,0.0
HDP,shungnak,2045,IMP_SOL,2025,0.0,0.0,0.0,0.0,0.0,0.0,0.0,0.0
HDP,shungnak,2045,IMP_SOL,2030,0.0,0.0,0.0,0.0,0.0,0.0,0.0,0.0
HDP,shungnak,2045,IMP_SOL,2035,0.0,0.0,0.0,0.0,0.0,0.0,0.0,0.0
HDP,shungnak,2045,IMP_SOL,2040,0.0,0.0,0.0,0.0,0.0,0.0,0.0,0.0
HDP,shungnak,2045,IMP_SOL,2045,0.0,0.0,0.0,0.0,0.0,0.0,0.0,0.0
HDP,shungnak,2045,IMP_WND,2025,0.0,0.0,0.0,0.0,0.0,0.0,0.0,0.0
HDP,shungnak,2045,IMP_WND,2030,0.0,0.0,0.0,0.0,0.0,0.0,0.0,0.0
HDP,shungnak,2045,IMP_WND,2035,0.0,0.0,0.0,0.0,0.0,0.0,0.0,0.0
HDP,shungnak,2045,IMP_WND,2040,0.0,0.0,0.0,0.0,0.0,0.0,0.0,0.0
HDP,shungnak,2045,IMP_WND,2045,0.0,0.0,0.0,0.0,0.0,0.0,0.0,0.0
